<?xml version="1.0"?>
<!DOCTYPE liferay-portlet-app PUBLIC "-//Liferay//DTD Portlet Application 6.2.0//EN" "http://www.liferay.com/dtd/liferay-portlet-app_6_2_0.dtd">

<liferay-portlet-app>
	
	<portlet>
		<portlet-name>atom-transistor-editor</portlet-name>
		<icon>/icon.png</icon>
        <header-portlet-css>/css/osp-editor.css</header-portlet-css>
		<footer-portlet-javascript>
			/js/main.js
		</footer-portlet-javascript>
		<css-class-wrapper>
			atom-transistor-editor-portlet
		</css-class-wrapper>
		<add-default-resource>true</add-default-resource>
	</portlet>
	<portlet>
		<portlet-name>atom-transistor-analyzer</portlet-name>
		<icon>/icon.png</icon>
        <header-portlet-css>/css/osp-analyzer.css</header-portlet-css>
		<footer-portlet-javascript>
			/js/main.js
		</footer-portlet-javascript>
		<css-class-wrapper>
			atom-transistor-analyzer-portlet
		</css-class-wrapper>
		<add-default-resource>true</add-default-resource>
	</portlet>
	<role-mapper>
		<role-name>administrator</role-name>
		<role-link>Administrator</role-link>
	</role-mapper>
	<role-mapper>
		<role-name>guest</role-name>
		<role-link>Guest</role-link>
	</role-mapper>
	<role-mapper>
		<role-name>power-user</role-name>
		<role-link>Power User</role-link>
	</role-mapper>
	<role-mapper>
		<role-name>user</role-name>
		<role-link>User</role-link>
	</role-mapper>
</liferay-portlet-app>