<?xml version="1.0"?>

<portlet-app xmlns="http://java.sun.com/xml/ns/portlet/portlet-app_2_0.xsd" xmlns:xsi="http://www.w3.org/2001/XMLSchema-instance" xsi:schemaLocation="http://java.sun.com/xml/ns/portlet/portlet-app_2_0.xsd http://java.sun.com/xml/ns/portlet/portlet-app_2_0.xsd" version="2.0">
	
	<portlet>
		<portlet-name>atom-transistor-editor</portlet-name>
		<display-name>Atom Transistor Editor</display-name>
		<portlet-class>
			com.kaist.atomtransistor.portlet.AtomTransistorEditor
		</portlet-class>
		<init-param>
			<name>view-template</name>
			<value>/html/atomtransistoreditor/wrapper.jsp</value>
		</init-param>
		<expiration-cache>0</expiration-cache>
		<supports>
			<mime-type>text/html</mime-type>
			<portlet-mode>view</portlet-mode>
		</supports>
		<portlet-info>
			<title>Atom Transistor Editor</title>
			<short-title>Atom Transistor Editor</short-title>
			<keywords></keywords>
		</portlet-info>
		<security-role-ref>
			<role-name>administrator</role-name>
		</security-role-ref>
		<security-role-ref>
			<role-name>guest</role-name>
		</security-role-ref>
		<security-role-ref>
			<role-name>power-user</role-name>
		</security-role-ref>
		<security-role-ref>
			<role-name>user</role-name>
		</security-role-ref>
	</portlet>
	<portlet>
		<portlet-name>atom-transistor-analyzer</portlet-name>
		<display-name>Atom Transistor Analyzer</display-name>
		<portlet-class>
			com.kaist.atomtransistor.portlet.AtomTransistorAnalyzer
		</portlet-class>
		<init-param>
			<name>view-template</name>
			<value>/html/atomtransistoranalyzer/wrapper.jsp</value>
		</init-param>
		<expiration-cache>0</expiration-cache>
		<supports>
			<mime-type>text/html</mime-type>
			<portlet-mode>view</portlet-mode>
		</supports>
		<portlet-info>
			<title>Atom Transistor Analyzer</title>
			<short-title>Atom Transistor Analyzer</short-title>
			<keywords></keywords>
		</portlet-info>
		<security-role-ref>
			<role-name>administrator</role-name>
		</security-role-ref>
		<security-role-ref>
			<role-name>guest</role-name>
		</security-role-ref>
		<security-role-ref>
			<role-name>power-user</role-name>
		</security-role-ref>
		<security-role-ref>
			<role-name>user</role-name>
		</security-role-ref>
	</portlet>
</portlet-app>